{
    "use_stats_based_attrs": true,
    "topological_attrs_dim": 5,
    "use_topological_node_attrs": false,
    "rerun_topological_node_attrs": false,
    "rerun_topological_node_attrs_day_limit": 23,
    "edge_attrs_dim": 3,
    "use_edge_attrs": false,
    "rerun_edge_attrs": false,
    "rerun_edge_attrs_day_limit": 13,
    "device": "",
    "LR": 0.01,
    "WEIGHT_DECAY": 1e-05,
    "HIDDEN_CHANNELS": 32,
    "N_CONV_LAYERS": 1,
    "CONV_TYPE": "GINConv",
    "ACT_FUNC": "<function leaky_relu at 0x0000029405B3E710>",
    "DECODER_LAYERS": null,
    "EPOCHS": 100,
    "at_k": [
        10,
        20
    ],
    "file_name": "GNN dim 32 and 5 aggr layers lr 0.01",
    "find_test_edges": false,
    "clean_dataset": false,
    "RetrievalRecall@10": [
        0.004513384308665991,
        0.03942117094993591,
        0.09025546908378601,
        0.013257049955427647,
        0.06409817934036255,
        0.08408816903829575,
        0.09108041226863861,
        0.08779957890510559,
        0.07076271623373032,
        0.09907925128936768,
        0.02424314245581627,
        0.05485302209854126,
        0.04145538806915283,
        0.02586767077445984,
        0.03894650563597679,
        0.039647847414016724,
        0.05120525136590004,
        0.04317827522754669,
        0.04360669478774071,
        0.040601231157779694,
        0.06561074405908585,
        0.046677932143211365,
        0.065883569419384,
        0.06672314554452896
    ],
    "RetrievalRecall@20": [
        0.008061887696385384,
        0.06497806310653687,
        0.11660964787006378,
        0.02227579988539219,
        0.08347898721694946,
        0.1176702156662941,
        0.15158356726169586,
        0.1280333399772644,
        0.10620585829019547,
        0.11390599608421326,
        0.033411990851163864,
        0.07279827445745468,
        0.05952296778559685,
        0.041050851345062256,
        0.07273919135332108,
        0.06664633005857468,
        0.08682151138782501,
        0.07191888242959976,
        0.07121683657169342,
        0.057833608239889145,
        0.09963542968034744,
        0.0755678042769432,
        0.10244016349315643,
        0.09598395228385925
    ],
    "RetrievalPrecision@10": [
        0.0018435755046084523,
        0.010788912884891033,
        0.01465648878365755,
        0.0032042725943028927,
        0.012727273628115654,
        0.014108911156654358,
        0.013181819580495358,
        0.011488252319395542,
        0.010169491171836853,
        0.014218009077012539,
        0.010086799040436745,
        0.01692214235663414,
        0.01007887814193964,
        0.006913325749337673,
        0.007294512819498777,
        0.0072194612585008144,
        0.009972203522920609,
        0.008607389405369759,
        0.007751005236059427,
        0.006006389390677214,
        0.007991121150553226,
        0.00658350670710206,
        0.008750000968575478,
        0.00911730621010065
    ],
    "RetrievalPrecision@20": [
        0.001731843571178615,
        0.008997867815196514,
        0.010343512520194054,
        0.0029038721695542336,
        0.00917112361639738,
        0.010107261128723621,
        0.011212121695280075,
        0.009268928319215775,
        0.008262712508440018,
        0.009478673338890076,
        0.007939239963889122,
        0.012391864322125912,
        0.007537247147411108,
        0.005741450469940901,
        0.00683203712105751,
        0.006630918942391872,
        0.008356497623026371,
        0.0071254572831094265,
        0.006767068989574909,
        0.004664537031203508,
        0.006437292322516441,
        0.005613306071609259,
        0.0072039468213915825,
        0.007084785494953394
    ],
    "runtime_per_day": [
        5.332054853439331,
        6.5189690589904785,
        7.379787445068359,
        7.4726173877716064,
        7.93472146987915,
        7.93102240562439,
        7.79109001159668,
        7.769866228103638,
        7.781364440917969,
        7.971662759780884,
        15.194202423095703,
        19.369770765304565,
        19.70631170272827,
        29.128705978393555,
        24.282225608825684,
        29.353376626968384,
        23.460513591766357,
        24.813388347625732,
        25.143101692199707,
        25.291992664337158,
        25.501107931137085,
        25.762097120285034,
        26.096909046173096,
        26.774981021881104
    ]
}