{
    "use_stats_based_attrs": true,
    "topological_attrs_dim": 5,
    "use_topological_node_attrs": false,
    "rerun_topological_node_attrs": false,
    "rerun_topological_node_attrs_day_limit": 23,
    "edge_attrs_dim": 3,
    "use_edge_attrs": false,
    "rerun_edge_attrs": false,
    "rerun_edge_attrs_day_limit": 11,
    "device": "",
    "LR": 0.01,
    "WEIGHT_DECAY": 1e-05,
    "HIDDEN_CHANNELS": 32,
    "N_CONV_LAYERS": 3,
    "CONV_TYPE": "GINConv",
    "ACT_FUNC": "<function leaky_relu at 0x0000020DF513E7A0>",
    "DECODER_LAYERS": null,
    "EPOCHS": 100,
    "at_k": [
        10,
        20
    ],
    "file_name": "GNN dim 32 and 5 aggr layers 3 GNN layers lr 0.01 all graphs",
    "find_test_edges": false,
    "clean_dataset": false,
    "RetrievalRecall@10": [
        0.006124425213783979,
        0.05673188343644142,
        0.09191092848777771,
        0.014837728813290596,
        0.0629904642701149,
        0.08466114103794098,
        0.06552485376596451,
        0.06575142592191696,
        0.06723163276910782,
        0.09591969847679138,
        0.021477188915014267,
        0.04287799820303917,
        0.0316246822476387,
        0.023824185132980347,
        0.0308169424533844,
        0.02912023663520813,
        0.03762184455990791,
        0.032634805887937546,
        0.03075525350868702,
        0.02253558672964573,
        0.05242845416069031,
        0.029906386509537697,
        0.04031391069293022,
        0.04665622487664223,
        0.025666704401373863,
        0.05836311727762222,
        0.05934903025627136,
        0.04871872439980507,
        0.043187279254198074,
        0.05052684620022774,
        0.04149613156914711,
        0.06017939746379852,
        0.04010835289955139,
        0.03538345918059349,
        0.0631725937128067,
        0.04655345901846886,
        0.029975611716508865,
        0.021756820380687714,
        0.028012804687023163,
        0.04825428128242493,
        0.042805515229701996,
        0.0543309785425663,
        0.04497363045811653,
        0.06109210103750229,
        0.045886944979429245,
        0.03169548138976097,
        0.06435585021972656,
        0.10131450742483139,
        0.07624014467000961,
        0.053612254559993744,
        0.06494129449129105,
        0.09646523743867874,
        0.14392969012260437,
        0.07650689780712128,
        0.14285561442375183,
        0.14638888835906982,
        0.1318095326423645,
        0.11034305393695831,
        0.10135570168495178,
        0.08967828005552292,
        0.07542884349822998,
        0.18991084396839142
    ],
    "RetrievalRecall@20": [
        0.010076266713440418,
        0.07408665865659714,
        0.12035419791936874,
        0.023689625784754753,
        0.08060838282108307,
        0.10812938213348389,
        0.12159734964370728,
        0.10296805202960968,
        0.10607344657182693,
        0.11305446177721024,
        0.030635222792625427,
        0.06042608246207237,
        0.046969521790742874,
        0.03501370549201965,
        0.05951900780200958,
        0.05519911274313927,
        0.062236037105321884,
        0.05150976404547691,
        0.05424068868160248,
        0.04542455077171326,
        0.07362249493598938,
        0.06495053321123123,
        0.07825352251529694,
        0.07846135646104813,
        0.05353885889053345,
        0.09239555895328522,
        0.08930526673793793,
        0.06855873763561249,
        0.06724667549133301,
        0.06917015463113785,
        0.06438158452510834,
        0.07824017852544785,
        0.06208740919828415,
        0.05795914679765701,
        0.08963805437088013,
        0.07022303342819214,
        0.050702523440122604,
        0.04315756633877754,
        0.053452931344509125,
        0.07343216240406036,
        0.07263725996017456,
        0.08436327427625656,
        0.07123064249753952,
        0.09547624737024307,
        0.061595186591148376,
        0.07462122291326523,
        0.08945206552743912,
        0.14190059900283813,
        0.1172870546579361,
        0.08114399760961533,
        0.10607811063528061,
        0.1325675994157791,
        0.21026849746704102,
        0.1092037558555603,
        0.2538657486438751,
        0.18907083570957184,
        0.15260165929794312,
        0.1691674143075943,
        0.1526782363653183,
        0.14398808777332306,
        0.16424952447414398,
        0.3450208902359009
    ],
    "RetrievalPrecision@10": [
        0.0019553073216229677,
        0.015138594433665276,
        0.01480916142463684,
        0.0035380509216338396,
        0.012406418099999428,
        0.014026402495801449,
        0.010303029790520668,
        0.008355091325938702,
        0.008898304775357246,
        0.013744075782597065,
        0.008665069937705994,
        0.013401122763752937,
        0.0074671353213489056,
        0.005940448492765427,
        0.005360521376132965,
        0.005440752953290939,
        0.0074704657308757305,
        0.006455542054027319,
        0.005502008367329836,
        0.0037060703616589308,
        0.006770255044102669,
        0.004365904722362757,
        0.005394737236201763,
        0.006213705521076918,
        0.0035714288242161274,
        0.007592753507196903,
        0.007891892455518246,
        0.006930272560566664,
        0.0061236280016601086,
        0.00758337089791894,
        0.007472600322216749,
        0.011601997539401054,
        0.007037386763840914,
        0.005858855787664652,
        0.008475402370095253,
        0.0061013903468847275,
        0.004014989361166954,
        0.002967927372083068,
        0.004075691103935242,
        0.006942753214389086,
        0.005598570220172405,
        0.00590238394215703,
        0.006462212651968002,
        0.008654353208839893,
        0.00739212054759264,
        0.006542295683175325,
        0.010206611827015877,
        0.01261261198669672,
        0.010579710826277733,
        0.007310469634830952,
        0.009275834076106548,
        0.012201153673231602,
        0.018128078430891037,
        0.00862745102494955,
        0.015722380951046944,
        0.01666666753590107,
        0.01610555127263069,
        0.013138686306774616,
        0.01280087511986494,
        0.01113924104720354,
        0.009824561886489391,
        0.022693267092108727
    ],