{
    "use_stats_based_attrs": true,
    "topological_attrs_dim": 5,
    "use_topological_node_attrs": false,
    "rerun_topological_node_attrs": false,
    "rerun_topological_node_attrs_day_limit": 23,
    "edge_attrs_dim": 3,
    "use_edge_attrs": false,
    "rerun_edge_attrs": false,
    "rerun_edge_attrs_day_limit": 13,
    "device": "",
    "LR": 0.005,
    "WEIGHT_DECAY": 1e-05,
    "HIDDEN_CHANNELS": 32,
    "N_CONV_LAYERS": 1,
    "CONV_TYPE": "GINConv",
    "ACT_FUNC": "<function leaky_relu at 0x000001E88AB2E710>",
    "DECODER_LAYERS": null,
    "EPOCHS": 100,
    "at_k": [
        10,
        20
    ],
    "file_name": "GNN dim 32 and 3 aggr layers scale binaries lr 0.005",
    "find_test_edges": false,
    "clean_dataset": false,
    "RetrievalRecall@10": [
        0.008418907411396503,
        0.05759367719292641,
        0.09868256002664566,
        0.014750889502465725,
        0.06979985535144806,
        0.08631214499473572,
        0.09033660590648651,
        0.08562377840280533,
        0.09406779706478119,
        0.09884925931692123,
        0.024570215493440628,
        0.05641523748636246,
        0.04301191866397858,
        0.028994649648666382,
        0.04158482700586319,
        0.04583368077874184,
        0.05548515170812607,
        0.04591505229473114,
        0.04540711268782616,
        0.04411560669541359,
        0.06922709196805954,
        0.0509975329041481,
        0.06418869644403458,
        0.0743904635310173,
        0.04971233010292053,
        0.07485169917345047,
        0.07776881009340286,
        0.061213169246912,
        0.05705948546528816,
        0.06732378154993057,
        0.05960644409060478,
        0.07322902977466583,
        0.05454457551240921,
        0.05529734864830971,
        0.05978415533900261,
        0.05518931522965431,
        0.048210225999355316,
        0.04920129105448723,
        0.05057420954108238,
        0.0900220200419426,
        0.06083108112215996,
        0.08777809143066406,
        0.06722171604633331,
        0.08481242507696152,
        0.05192718654870987,
        0.05827615410089493,
        0.07338448613882065,
        0.10903456062078476,
        0.0759427472949028,
        0.053975775837898254,
        0.06773504614830017,
        0.10542015731334686,
        0.146465003490448,
        0.079774871468544,
        0.12304551154375076,
        0.1467592716217041,
        0.12210557609796524,
        0.10321339219808578,
        0.10353159159421921,
        0.0928322821855545,
        0.09589668363332748,
        0.17687968909740448
    ],
    "RetrievalRecall@20": [
        0.016371501609683037,
        0.07357284426689148,
        0.12640810012817383,
        0.024161240085959435,
        0.08894705027341843,
        0.12813229858875275,
        0.1539807915687561,
        0.13628895580768585,
        0.14010415971279144,
        0.11985228955745697,
        0.03295018896460533,
        0.07520050555467606,
        0.06247920170426369,
        0.0426788404583931,
        0.07565050572156906,
        0.07382895797491074,
        0.08830780535936356,
        0.0736641138792038,
        0.072080597281456,
        0.06651698797941208,
        0.0947565957903862,
        0.0759468600153923,
        0.09885629266500473,
        0.11051374673843384,
        0.07618560642004013,
        0.10915503650903702,
        0.1234908178448677,
        0.07685909420251846,
        0.08913415670394897,
        0.09175756573677063,
        0.08409154415130615,
        0.0948340967297554,
        0.07952678203582764,
        0.09076862037181854,
        0.10132749378681183,
        0.08492143452167511,
        0.07703744620084763,
        0.07580964267253876,
        0.08995496481657028,
        0.12615016102790833,
        0.09515435248613358,
        0.14440353214740753,
        0.09599535912275314,
        0.11669483035802841,
        0.07173042744398117,
        0.0934225395321846,
        0.09565133601427078,
        0.1498321145772934,
        0.11507922410964966,
        0.08307690918445587,
        0.11390631645917892,
        0.13948006927967072,
        0.20857641100883484,
        0.11197064071893692,
        0.1947297751903534,
        0.19481158256530762,
        0.15635845065116882,
        0.15368881821632385,
        0.1505335420370102,
        0.13901974260807037,
        0.1574752926826477,
        0.3188246786594391
    ],
    "RetrievalPrecision@10": [
        0.002793296007439494,
        0.01543710008263588,
        0.016106870025396347,
        0.004272363614290953,
        0.014278075657784939,
        0.014686469919979572,
        0.012575759552419186,
        0.011227154172956944,
        0.012711865827441216,
        0.01374407671391964,
        0.01065549161285162,
        0.017331916838884354,
        0.010341805405914783,
        0.007502948399633169,
        0.007462687324732542,
        0.008213445544242859,
        0.010632382705807686,
        0.009094600565731525,
        0.007871485315263271,
        0.00613418547436595,
        0.008768036030232906,
        0.007276507094502449,
        0.008618420921266079,
        0.010220673866569996,
        0.006914893165230751,
        0.009577222168445587,
        0.010594595223665237,
        0.008971087634563446,
        0.008261119946837425,
        0.010232982225716114,
        0.010528063401579857,
        0.014444870874285698,
        0.009456487372517586,
        0.008965822868049145,
        0.008621529676020145,
        0.007537012454122305,
        0.00695931538939476,
        0.007180469110608101,
        0.007763221859931946,
        0.014250914566218853,
        0.008159618824720383,
        0.010329172015190125,
        0.008871851488947868,
        0.011556727811694145,
        0.008292683400213718,
        0.010963455773890018,
        0.011859503574669361,
        0.013513513840734959,
        0.010217391885817051,
        0.007310468703508377,
        0.009926769882440567,
        0.013520198874175549,
        0.018522169440984726,
        0.008888889104127884,
        0.013456090353429317,
        0.01644444279372692,
        0.015013649128377438,
        0.012408759444952011,
        0.012910285033285618,
        0.011645570397377014,
        0.011754387058317661,
        0.021446384489536285
    ],