{
    "use_stats_based_attrs": true,
    "topological_attrs_dim": 5,
    "use_topological_node_attrs": false,
    "rerun_topological_node_attrs": false,
    "rerun_topological_node_attrs_day_limit": 23,
    "edge_attrs_dim": 3,
    "use_edge_attrs": false,
    "rerun_edge_attrs": false,
    "rerun_edge_attrs_day_limit": 13,
    "device": "",
    "LR": 0.01,
    "WEIGHT_DECAY": 1e-05,
    "HIDDEN_CHANNELS": 32,
    "N_CONV_LAYERS": 1,
    "CONV_TYPE": "GINConv",
    "ACT_FUNC": "<function leaky_relu at 0x000001F785B9E710>",
    "DECODER_LAYERS": null,
    "EPOCHS": 100,
    "at_k": [
        10,
        20
    ],
    "file_name": "GNN dim 32 and 4 aggr layers lr 0.01",
    "find_test_edges": false,
    "clean_dataset": false,
    "RetrievalRecall@10": [
        0.005272367037832737,
        0.034406714141368866,
        0.09420373290777206,
        0.015235704369843006,
        0.06566038727760315,
        0.09113364666700363,
        0.0859793946146965,
        0.082577645778656,
        0.07570621371269226,
        0.09802606701850891,
        0.029669100418686867,
        0.05622769147157669,
        0.04311154782772064,
        0.026744887232780457,
        0.04046643525362015,
        0.04095252975821495,
        0.051996152848005295,
        0.04271191358566284,
        0.043669164180755615,
        0.04010069742798805,
        0.06620267033576965,
        0.04827667772769928,
        0.06162291020154953,
        0.06538504362106323
    ],
    "RetrievalRecall@20": [
        0.010297692380845547,
        0.059198182076215744,
        0.11821083724498749,
        0.024733351543545723,
        0.08622186630964279,
        0.12272892147302628,
        0.14892058074474335,
        0.12498721480369568,
        0.11891772598028183,
        0.12141101807355881,
        0.03954566270112991,
        0.07429718971252441,
        0.05932290852069855,
        0.04106632247567177,
        0.07585017383098602,
        0.06856812536716461,
        0.0855649784207344,
        0.06680218875408173,
        0.07235641777515411,
        0.06370815634727478,
        0.09560981392860413,
        0.07153458893299103,
        0.09681336581707001,
        0.10215596109628677
    ],
    "RetrievalPrecision@10": [
        0.0021787709556519985,
        0.009722815826535225,
        0.01534351147711277,
        0.0033377837389707565,
        0.012941177003085613,
        0.01493399403989315,
        0.012575757689774036,
        0.01096605695784092,
        0.010169492103159428,
        0.01390205416828394,
        0.01093983743339777,
        0.017422977834939957,
        0.01041192002594471,
        0.0069722882471978664,
        0.00756779545918107,
        0.007376406341791153,
        0.009972203522920609,
        0.008120179176330566,
        0.007670683786273003,
        0.005814696662127972,
        0.007991121150553226,
        0.006791406776756048,
        0.008289474993944168,
        0.009001161903142929
    ],
    "RetrievalPrecision@20": [
        0.002346368972212076,
        0.008294242434203625,
        0.010419848375022411,
        0.0033711621072143316,
        0.00914438534528017,
        0.01047854870557785,
        0.011060606688261032,
        0.009399477392435074,
        0.00868644192814827,
        0.009873617440462112,
        0.008253517560660839,
        0.012619517743587494,
        0.007554777432233095,
        0.005653006955981255,
        0.007136851083487272,
        0.006683232728391886,
        0.008269631303846836,
        0.006597645115107298,
        0.006626505870372057,
        0.004952076822519302,
        0.006104328669607639,
        0.005370755214244127,
        0.006809209939092398,
        0.0074622537940740585
    ],
    "runtime_per_day": [
        4.3388447761535645,
        5.205337285995483,
        6.1383349895477295,
        6.6311774253845215,
        7.204648494720459,
        7.38184666633606,
        7.734822511672974,
        7.685270071029663,
        7.590489149093628,
        7.962169408798218,
        15.675432920455933,
        19.63384222984314,
        24.14282464981079,
        41.01383900642395,
        36.14876055717468,
        39.94129014015198,
        34.99625849723816,
        36.650176763534546,
        35.56302857398987,
        35.382590532302856,
        35.26454162597656,
        35.938852071762085,
        36.25985050201416,
        36.72866940498352
    ]
}