{
    "use_stats_based_attrs": true,
    "topological_attrs_dim": 5,
    "use_topological_node_attrs": false,
    "rerun_topological_node_attrs": false,
    "rerun_topological_node_attrs_day_limit": 23,
    "edge_attrs_dim": 3,
    "use_edge_attrs": false,
    "rerun_edge_attrs": false,
    "rerun_edge_attrs_day_limit": 11,
    "device": "",
    "LR": 0.01,
    "WEIGHT_DECAY": 1e-05,
    "HIDDEN_CHANNELS": 32,
    "N_CONV_LAYERS": 2,
    "CONV_TYPE": "GINConv",
    "ACT_FUNC": "<function leaky_relu at 0x000002B49285E7A0>",
    "DECODER_LAYERS": null,
    "EPOCHS": 100,
    "at_k": [
        10,
        20
    ],
    "file_name": "GNN dim 32 and 5 aggr layers 2 GNN layers lr 0.01 all graphs",
    "find_test_edges": false,
    "clean_dataset": false,
    "RetrievalRecall@10": [
        0.006124425213783979,
        0.05673188343644142,
        0.09191092848777771,
        0.01490448322147131,
        0.0629904642701149,
        0.0813804566860199,
        0.06552485376596451,
        0.06314045935869217,
        0.06723163276910782,
        0.09223353862762451,
        0.0215779896825552,
        0.042502254247665405,
        0.03183292597532272,
        0.02376554347574711,
        0.03221893683075905,
        0.02888401970267296,
        0.03975992649793625,
        0.032756607979536057,
        0.03054720163345337,
        0.025943465530872345,
        0.05242845416069031,
        0.03094588778913021,
        0.04053320735692978,
        0.04868874326348305,
        0.025413408875465393,
        0.057500310242176056,
        0.06043011322617531,
        0.04834670200943947,
        0.04108279570937157,
        0.05118162930011749,
        0.04143757373094559,
        0.06062135845422745,
        0.03893769904971123,
        0.03574270009994507,
        0.06301022320985794,
        0.046314191073179245,
        0.029547346755862236,
        0.023655656725168228,
        0.02799663133919239,
        0.04678250104188919,
        0.042736027389764786,
        0.0543309785425663,
        0.04606892168521881,
        0.060300543904304504,
        0.04703216999769211,
        0.049278512597084045,
        0.06792490184307098,
        0.11142526566982269,
        0.07515017688274384,
        0.05376804620027542,
        0.06995806843042374,
        0.09804534167051315,
        0.14288999140262604,
        0.07788671553134918,
        0.15779252350330353,
        0.13750000298023224,
        0.132302388548851,
        0.12083575874567032,
        0.10391967743635178,
        0.10056961327791214,
        0.08156919479370117,
        0.1649731993675232
    ],
    "RetrievalRecall@20": [
        0.010076266713440418,
        0.07408665865659714,
        0.12035419791936874,
        0.02375638112425804,
        0.08066780120134354,
        0.10496656596660614,
        0.12173508107662201,
        0.10017058253288269,
        0.10620585829019547,
        0.11186964064836502,
        0.028838830068707466,
        0.05997747927904129,
        0.046063151210546494,
        0.035416632890701294,
        0.058779243379831314,
        0.05496624857187271,
        0.06292374432086945,
        0.05394243448972702,
        0.05433471128344536,
        0.04615671560168266,
        0.0740232840180397,
        0.06368927657604218,
        0.07805442065000534,
        0.08000993728637695,
        0.05607178807258606,
        0.09045423567295074,
        0.0911070704460144,
        0.06774111092090607,
        0.06628383696079254,
        0.07077286392450333,
        0.06344770640134811,
        0.08119618892669678,
        0.06053639575839043,
        0.05647805333137512,
        0.09217093884944916,
        0.06964728981256485,
        0.049685388803482056,
        0.047186605632305145,
        0.055353306233882904,
        0.07752850651741028,
        0.07262862473726273,
        0.09372763335704803,
        0.07018514722585678,
        0.09642720967531204,
        0.06441222131252289,
        0.08496854454278946,
        0.09435494989156723,
        0.14722107350826263,
        0.11682163923978806,
        0.08670171350240707,
        0.11108825355768204,
        0.13426561653614044,
        0.20375587046146393,
        0.10619722306728363,
        0.2720647156238556,
        0.1836761087179184,
        0.15273013710975647,
        0.16886022686958313,
        0.1533345729112625,
        0.14407776296138763,
        0.16005848348140717,
        0.3125579357147217
    ],
    "RetrievalPrecision@10": [
        0.0019553073216229677,
        0.015138594433665276,
        0.01480916142463684,
        0.003604806726798415,
        0.012406418099999428,
        0.013613861054182053,
        0.010303029790520668,
        0.008093995042145252,
        0.008898304775357246,
        0.013270141556859016,
        0.008709968067705631,
        0.013310061767697334,
        0.007502191700041294,
        0.005925707519054413,
        0.005633802618831396,
        0.005414596293121576,
        0.007783182431012392,
        0.006455542054027319,
        0.005301204975694418,
        0.004025559406727552,
        0.006770255044102669,
        0.0045045046135783195,
        0.005394736770540476,
        0.006504065357148647,
        0.003495440585538745,
        0.0075064715929329395,
        0.00800000037997961,
        0.006930271629244089,
        0.005892547778785229,
        0.007720420137047768,
        0.007406176999211311,
        0.011659624055027962,
        0.006786050274968147,
        0.005636928603053093,
        0.008426692336797714,
        0.006101390812546015,
        0.004014989361166954,
        0.0031115366145968437,
        0.004075691103935242,
        0.006760049145668745,
        0.0055985706858336926,
        0.005902384407818317,
        0.00646221311762929,
        0.008601583540439606,
        0.00757973687723279,
        0.009557884186506271,
        0.010950413532555103,
        0.013677313923835754,
        0.010217391885817051,
        0.007129963953047991,
        0.009682669304311275,
        0.01253091637045145,
        0.017931034788489342,
        0.00862745102494955,
        0.01728045381605625,
        0.01577777788043022,
        0.016196541488170624,
        0.014416057616472244,
        0.013129102997481823,
        0.012025316245853901,
        0.010526316240429878,
        0.020199501886963844
    ],