{
    "use_stats_based_attrs": true,
    "topological_attrs_dim": 5,
    "use_topological_node_attrs": false,
    "rerun_topological_node_attrs": false,
    "rerun_topological_node_attrs_day_limit": 23,
    "edge_attrs_dim": 3,
    "use_edge_attrs": false,
    "rerun_edge_attrs": false,
    "rerun_edge_attrs_day_limit": 11,
    "device": "",
    "LR": 0.01,
    "WEIGHT_DECAY": 1e-05,
    "HIDDEN_CHANNELS": 32,
    "N_CONV_LAYERS": 1,
    "CONV_TYPE": "GINConv",
    "ACT_FUNC": "<function leaky_relu at 0x0000022F85B8E710>",
    "DECODER_LAYERS": null,
    "EPOCHS": 100,
    "at_k": [
        10,
        20
    ],
    "file_name": "GNN dim 32 and 5 aggr layers lr 0.01 all graphs",
    "find_test_edges": false,
    "clean_dataset": false,
    "RetrievalRecall@10": [
        0.008039201609790325,
        0.04781148582696915,
        0.09491103887557983,
        0.016947975382208824,
        0.06701697409152985,
        0.09318699687719345,
        0.0946800485253334,
        0.08736441284418106,
        0.07146892696619034,
        0.10052737593650818,
        0.028015511110424995,
        0.05583282560110092,
        0.04186626896262169,
        0.02704549953341484,
        0.037747278809547424,
        0.04303764924407005,
        0.051694124937057495,
        0.04183528199791908,
        0.043756864964962006,
        0.03253946080803871,
        0.06529165059328079,
        0.05127967894077301,
        0.06560160964727402,
        0.06532154977321625,
        0.046202417463064194,
        0.07247896492481232,
        0.07824452966451645,
        0.05997208133339882,
        0.05713169649243355,
        0.06349489092826843,
        0.059429462999105453,
        0.06795177608728409,
        0.051465317606925964,
        0.05249713361263275,
        0.058934394270181656,
        0.0526178739964962,
        0.04085579141974449,
        0.0445714071393013,
        0.05077574402093887,
        0.09130589663982391,
        0.06202557310461998,
        0.0846470445394516,
        0.06898200511932373,
        0.08914309740066528,
        0.050645582377910614,
        0.05426080897450447,
        0.0700361430644989,
        0.10662435740232468,
        0.07032595574855804,
        0.051080167293548584,
        0.061614517122507095,
        0.10307648777961731,
        0.14801259338855743,
        0.07420375198125839,
        0.13642802834510803,
        0.15317252278327942,
        0.12809588015079498,
        0.10894636064767838,
        0.0983346551656723,
        0.094361811876297,
        0.0994054526090622,
        0.17469888925552368
    ],
    "RetrievalRecall@20": [
        0.016997382044792175,
        0.0675598755478859,
        0.12307745963335037,
        0.025732846930623055,
        0.08464625477790833,
        0.1245051845908165,
        0.1507628709077835,
        0.12498721480369568,
        0.11242937296628952,
        0.119349405169487,
        0.039122916758060455,
        0.07341597229242325,
        0.058552078902721405,
        0.04113592207431793,
        0.07070929557085037,
        0.06873141974210739,
        0.08555842936038971,
        0.07025105506181717,
        0.0708358883857727,
        0.05985904857516289,
        0.09691854566335678,
        0.07282818853855133,
        0.09886450320482254,
        0.10047969222068787,
        0.07564800977706909,
        0.10609990358352661,
        0.12682415544986725,
        0.07617314904928207,
        0.09105823189020157,
        0.0874934047460556,
        0.08350546658039093,
        0.09068195521831512,
        0.0770631805062294,
        0.08290958404541016,
        0.09414143115282059,
        0.08078513294458389,
        0.07562179118394852,
        0.07303663343191147,
        0.09460479021072388,
        0.12240015715360641,
        0.10160979628562927,
        0.13090817630290985,
        0.10086173564195633,
        0.11892955750226974,
        0.07195938378572464,
        0.09158096462488174,
        0.0927015170454979,
        0.14403708279132843,
        0.11253613233566284,
        0.08167047053575516,
        0.1098765879869461,
        0.13624133169651031,
        0.20961660146713257,
        0.11002074927091599,
        0.2718823254108429,
        0.1945338100194931,
        0.1569562405347824,
        0.17002470791339874,
        0.1474718153476715,
        0.14567585289478302,
        0.16350600123405457,
        0.32176533341407776
    ],
    "RetrievalPrecision@10": [
        0.0025698323734104633,
        0.013176972046494484,
        0.01519084069877863,
        0.0038050732109695673,
        0.013582889921963215,
        0.01509900949895382,
        0.013636363670229912,
        0.011227154172956944,
        0.009745762683451176,
        0.014060030691325665,
        0.01067045982927084,
        0.017225679010152817,
        0.00999123603105545,
        0.006898585241287947,
        0.006916123908013105,
        0.007637980859726667,
        0.010111188516020775,
        0.008241982199251652,
        0.007550201378762722,
        0.005047923419624567,
        0.00788013357669115,
        0.007207207381725311,
        0.008618420921266079,
        0.00911730621010065,
        0.0063829789869487286,
        0.009404659271240234,
        0.010486486367881298,
        0.008715987205505371,
        0.008030040189623833,
        0.009776153601706028,
        0.010494851507246494,
        0.013714944943785667,
        0.009205153211951256,
        0.00892143789678812,
        0.008426692336797714,
        0.007133243605494499,
        0.005995717365294695,
        0.006510292645543814,
        0.007666181307286024,
        0.01473812386393547,
        0.008576533757150173,
        0.009761635214090347,
        0.009419496171176434,
        0.012295515276491642,
        0.008105065673589706,
        0.010452338494360447,
        0.01128099113702774,
        0.013267812319099903,
        0.009710145182907581,
        0.0071299634873867035,
        0.009194467216730118,
        0.013107996433973312,
        0.018423648551106453,
        0.008366012945771217,
        0.015014165081083775,
        0.01755555532872677,
        0.015832575038075447,
        0.013138685375452042,
        0.012363238260149956,
        0.01164556946605444,
        0.012631580233573914,
        0.02094763144850731
    ],