{
    "use_stats_based_attrs": true,
    "topological_attrs_dim": 5,
    "use_topological_node_attrs": true,
    "rerun_topological_node_attrs": false,
    "rerun_topological_node_attrs_day_limit": 23,
    "edge_attrs_dim": 3,
    "use_edge_attrs": true,
    "rerun_edge_attrs": false,
    "rerun_edge_attrs_day_limit": 11,
    "device": "",
    "LR": 0.01,
    "WEIGHT_DECAY": 1e-05,
    "HIDDEN_CHANNELS": 32,
    "N_CONV_LAYERS": 1,
    "CONV_TYPE": "GINConv",
    "ACT_FUNC": "<function leaky_relu at 0x0000014046FEE710>",
    "DECODER_LAYERS": 2,
    "EPOCHS": 100,
    "at_k": [
        10,
        20
    ],
    "file_name": "GNN dim 32 and 5 aggr layers lr 0.01 dec 2 topol edge",
    "find_test_edges": false,
    "clean_dataset": false,
    "RetrievalRecall@10": [
        0.006706296466290951,
        0.0488039031624794,
        0.08996830135583878,
        0.012044411152601242,
        0.06262253224849701,
        0.07588384300470352,
        0.06748012453317642,
        0.06821733713150024,
        0.053804732859134674,
        0.09630542993545532,
        0.02221163548529148
    ],
    "RetrievalRecall@20": [
        0.012072240002453327,
        0.0724123939871788,
        0.12027233839035034,
        0.021460959687829018,
        0.0776916965842247,
        0.11535143107175827,
        0.14035242795944214,
        0.11316391825675964,
        0.11397422850131989,
        0.1174626424908638,
        0.029652435332536697
    ],
    "RetrievalPrecision@10": [
        0.0022346368059515953,
        0.013304904103279114,
        0.01450381800532341,
        0.003070761216804385,
        0.012032085098326206,
        0.012376237660646439,
        0.010151514783501625,
        0.009399478323757648,
        0.00720339035615325,
        0.014691945165395737,
        0.009548039175570011
    ],
    "RetrievalPrecision@20": [
        0.0021229051053524017,
        0.010660980828106403,
        0.010343511588871479,
        0.0030040054116398096,
        0.008636364713311195,
        0.009900989942252636,
        0.011212121695280075,
        0.008355091325938702,
        0.007627118844538927,
        0.009794628247618675,
        0.0075950319878757
    ],
    "runtime_per_day": [
        3.6055028438568115,
        86.115731716156,
        196.045024394989,
        230.88184022903442,
        288.39110708236694,
        358.4874646663666,
        392.810494184494,
        483.8738646507263,
        421.07458329200745,
        650.7652022838593,
        487.38678216934204
    ]
}