{
    "use_stats_based_attrs": true,
    "topological_attrs_dim": 5,
    "use_topological_node_attrs": false,
    "rerun_topological_node_attrs": false,
    "rerun_topological_node_attrs_day_limit": 23,
    "edge_attrs_dim": 3,
    "use_edge_attrs": false,
    "rerun_edge_attrs": false,
    "rerun_edge_attrs_day_limit": 11,
    "device": "",
    "LR": 0.01,
    "WEIGHT_DECAY": 1e-05,
    "HIDDEN_CHANNELS": 32,
    "N_CONV_LAYERS": 1,
    "CONV_TYPE": "GATConv",
    "ACT_FUNC": "<function leaky_relu at 0x0000018FAB59E710>",
    "DECODER_LAYERS": null,
    "EPOCHS": 100,
    "at_k": [
        10,
        20
    ],
    "file_name": "GAT lr 0.01 dec 2 topol edge",
    "find_test_edges": false,
    "clean_dataset": false,
    "RetrievalRecall@10": [
        0.008724525570869446,
        0.009465262293815613,
        0.047783445566892624,
        0.011430297046899796,
        0.02293248102068901,
        0.03757831081748009,
        0.0659259483218193,
        0.06335737556219101,
        0.0665254220366478,
        0.04936686158180237,
        0.005276595242321491,
        0.004472041502594948,
        0.005543626844882965,
        0.0029438722413033247,
        0.0036017345264554024,
        0.007272753398865461,
        0.009103587828576565,
        0.01238701120018959,
        0.010350781492888927,
        0.042304135859012604,
        0.025452429428696632,
        0.016193384304642677,
        0.023761436343193054,
        0.008325440809130669,
        0.013397433795034885,
        0.01842142827808857,
        0.019349150359630585,
        0.012006409466266632,
        0.009695046581327915,
        0.009164146147668362,
        0.008545705117285252,
        0.006495274603366852,
        0.008860117755830288,
        0.004483339376747608,
        0.011503721587359905,
        0.015888221561908722,
        0.013387121260166168,
        0.03796881437301636,
        0.0295720174908638,
        0.022761765867471695,
        0.023417336866259575,
        0.016044821590185165,
        0.01754496432840824,
        0.011487409472465515,
        0.01205909252166748,
        0.04773644730448723,
        0.011483261361718178,
        0.015098204836249352,
        0.026077574118971825,
        0.012869265861809254,
        0.009483449161052704,
        0.01640978455543518,
        0.025560053065419197,
        0.02325708046555519,
        0.14537575840950012,
        0.06573045253753662,
        0.01699649915099144,
        0.033469703048467636,
        0.022554464638233185,
        0.02053973264992237,
        0.048643484711647034,
        0.11659413576126099
    ],
    "RetrievalRecall@20": [
        0.02247399091720581,
        0.016077399253845215,
        0.07701030373573303,
        0.0272276122123003,
        0.04935875162482262,
        0.0801239162683487,
        0.09689177572727203,
        0.10590539127588272,
        0.10183615237474442,
        0.09339874982833862,
        0.020350871607661247,
        0.01192118227481842,
        0.012514532543718815,
        0.006369880400598049,
        0.00802009366452694,
        0.01836671680212021,
        0.023547936230897903,
        0.02400548942387104,
        0.020886654034256935,
        0.061719924211502075,
        0.06442978233098984,
        0.03862551599740982,
        0.06695830076932907,
        0.01938554272055626,
        0.02459646947681904,
        0.04806740581989288,
        0.045238468796014786,
        0.019439665600657463,
        0.026134097948670387,
        0.022259872406721115,
        0.020473644137382507,
        0.012001127004623413,
        0.016027400270104408,
        0.018422529101371765,
        0.028447892516851425,
        0.029394038021564484,
        0.024498889222741127,
        0.05961092188954353,
        0.04870492219924927,
        0.04956777021288872,
        0.045623037964105606,
        0.047258514910936356,
        0.030261144042015076,
        0.03126412257552147,
        0.02338559553027153,
        0.06472649425268173,
        0.02655264176428318,
        0.027946803718805313,
        0.048517920076847076,
        0.033827777951955795,
        0.02073989249765873,
        0.02500494383275509,
        0.05296921357512474,
        0.046437911689281464,
        0.32912972569465637,
        0.10685564577579498,
        0.0373593345284462,
        0.05472511053085327,
        0.03280112147331238,
        0.03967651352286339,
        0.06372019648551941,
        0.2015600949525833
    ],
    "RetrievalPrecision@10": [
        0.002849161857739091,
        0.0029850746504962444,
        0.007022900506854057,
        0.0028037382289767265,
        0.005133689846843481,
        0.006683168467134237,
        0.010151516646146774,
        0.009921670891344547,
        0.010593220591545105,
        0.009004740044474602,
        0.0021400777623057365,
        0.0011230839882045984,
        0.0013672218192368746,
        0.0007075471221469343,
        0.0007567794527858496,
        0.001464818138629198,
        0.0015288394642993808,
        0.002639058046042919,
        0.0014859437942504883,
        0.006900958716869354,
        0.0035516093485057354,
        0.0027027030009776354,
        0.0032236843835562468,
        0.001974448561668396,
        0.002735562389716506,
        0.0025884383358061314,
        0.0037837838754057884,
        0.0020833336748182774,
        0.0019064124207943678,
        0.0018730013398453593,
        0.0017602125881239772,
        0.001056473352946341,
        0.0014137605903670192,
        0.0008433200418949127,
        0.0018022407311946154,
        0.0027366532012820244,
        0.002676659729331732,
        0.007228338625282049,
        0.0047064535319805145,
        0.0034104748629033566,
        0.0038117924705147743,
        0.0027241772040724754,
        0.003285870421677828,
        0.0039050134364515543,
        0.0036022516433149576,
        0.008458983153104782,
        0.002272727433592081,
        0.002457002177834511,
        0.005000000353902578,
        0.0030685921665281057,
        0.0023596419487148523,
        0.002143446123227477,
        0.004236453212797642,
        0.00300653581507504,
        0.016997167840600014,
        0.00800000037997961,
        0.0022747954353690147,
        0.003923357930034399,
        0.003391684964299202,
        0.0037974687293171883,
        0.007017544005066156,
        0.014214463531970978
    ],