{
    "use_stats_based_attrs": true,
    "topological_attrs_dim": 5,
    "use_topological_node_attrs": true,
    "rerun_topological_node_attrs": false,
    "rerun_topological_node_attrs_day_limit": 23,
    "edge_attrs_dim": 3,
    "use_edge_attrs": false,
    "rerun_edge_attrs": false,
    "rerun_edge_attrs_day_limit": 13,
    "device": "",
    "LR": 0.01,
    "WEIGHT_DECAY": 1e-05,
    "HIDDEN_CHANNELS": 32,
    "N_CONV_LAYERS": 1,
    "CONV_TYPE": "GINConv",
    "ACT_FUNC": "<function leaky_relu at 0x00000225940DE710>",
    "DECODER_LAYERS": null,
    "EPOCHS": 100,
    "at_k": [
        10,
        20
    ],
    "file_name": "GNN dim 32 and 3 aggr layers lr 0.01 topol",
    "find_test_edges": false,
    "clean_dataset": false,
    "RetrievalRecall@10": [
        0.004390794318169355,
        0.052605342119932175,
        0.09745557606220245,
        0.012653451412916183,
        0.06710026413202286,
        0.09201962500810623,
        0.08235681056976318,
        0.07452716678380966,
        0.08135593682527542,
        0.09770829230546951,
        0.02249506488442421,
        0.055141743272542953,
        0.04298115894198418,
        0.027026424184441566,
        0.04189412668347359,
        0.039659399539232254,
        0.050761278718709946,
        0.03921259939670563,
        0.04195244237780571,
        0.040108680725097656,
        0.0658835843205452,
        0.04723893105983734,
        0.063497394323349
    ],
    "RetrievalRecall@20": [
        0.014961923472583294,
        0.06727837771177292,
        0.12071209400892258,
        0.02237836644053459,
        0.08777904510498047,
        0.11640258133411407,
        0.15014126896858215,
        0.12436553835868835,
        0.11891772598028183,
        0.11711301654577255,
        0.03228067234158516,
        0.07222170382738113,
        0.0596228651702404,
        0.04041121155023575,
        0.07297001034021378,
        0.06777786463499069,
        0.08095194399356842,
        0.0653463751077652,
        0.0682845413684845,
        0.05971898138523102,
        0.08966734260320663,
        0.07283046096563339,
        0.09476808458566666
    ],
    "RetrievalPrecision@10": [
        0.0021229051053524017,
        0.014072496443986893,
        0.01549618598073721,
        0.0033377837389707565,
        0.013422460295259953,
        0.014851485379040241,
        0.012121211737394333,
        0.009921670891344547,
        0.011016950011253357,
        0.01374407671391964,
        0.009787490591406822,
        0.017149794846773148,
        0.010078879073262215,
        0.006942807696759701,
        0.007357578258961439,
        0.007036359049379826,
        0.009728978388011456,
        0.007714169565588236,
        0.00746987946331501,
        0.00594249228015542,
        0.008102108724415302,
        0.006791406311094761,
        0.008355263620615005
    ],
    "RetrievalPrecision@20": [
        0.0026256984565407038,
        0.009765459224581718,
        0.010458015836775303,
        0.0033044058363884687,
        0.009572193026542664,
        0.010066007263958454,
        0.011060606688261032,
        0.009138381108641624,
        0.00868644192814827,
        0.009320694953203201,
        0.00791679136455059,
        0.012475338764488697,
        0.007677475921809673,
        0.005608785431832075,
        0.006632331758737564,
        0.006460894830524921,
        0.007939541712403297,
        0.006354040466248989,
        0.006305221002548933,
        0.004728434607386589,
        0.005771365482360125,
        0.005370755214244127,
        0.006677631754428148
    ],
    "runtime_per_day": [
        2.4037246704101562,
        1.5387992858886719,
        1.5372748374938965,
        1.7404987812042236,
        2.1912271976470947,
        2.294116735458374,
        2.44258189201355,
        2.5257115364074707,
        2.487565517425537,
        2.5924789905548096,
        12.876468181610107,
        11.772284746170044,
        11.382956743240356,
        15.980419397354126,
        12.947080135345459,
        16.900463819503784,
        13.457481861114502,
        13.84215497970581,
        14.420169115066528,
        14.118801832199097,
        13.937904596328735,
        14.333705186843872,
        14.43461799621582
    ]
}