{
    "use_stats_based_attrs": true,
    "topological_attrs_dim": 5,
    "use_topological_node_attrs": true,
    "rerun_topological_node_attrs": false,
    "rerun_topological_node_attrs_day_limit": 23,
    "edge_attrs_dim": 3,
    "use_edge_attrs": false,
    "rerun_edge_attrs": false,
    "rerun_edge_attrs_day_limit": 13,
    "device": "",
    "LR": 0.01,
    "WEIGHT_DECAY": 1e-05,
    "HIDDEN_CHANNELS": 32,
    "N_CONV_LAYERS": 1,
    "CONV_TYPE": "GINConv",
    "ACT_FUNC": "<function leaky_relu at 0x0000019B2EB8E710>",
    "DECODER_LAYERS": null,
    "EPOCHS": 100,
    "at_k": [
        10,
        20
    ],
    "file_name": "GNN dim 32 and 5 aggr layers lr 0.01 topol",
    "find_test_edges": false,
    "clean_dataset": false,
    "RetrievalRecall@10": [
        0.0052642119117081165,
        0.03741190955042839,
        0.09419949352741241,
        0.016960225999355316,
        0.06348759680986404,
        0.08222179114818573,
        0.07523560523986816,
        0.08475344628095627,
        0.0735875740647316,
        0.09618298709392548,
        0.023314187303185463,
        0.05375458672642708,
        0.04207408428192139,
        0.02685384452342987,
        0.04192712530493736,
        0.041556280106306076,
        0.0531856007874012,
        0.04272247478365898,
        0.0433279350399971,
        0.04118695855140686,
        0.06291774660348892,
        0.05012643337249756,
        0.06297316402196884
    ],
    "RetrievalRecall@20": [
        0.010624337941408157,
        0.06576196104288101,
        0.11497870087623596,
        0.02285158261656761,
        0.08016680181026459,
        0.11403046548366547,
        0.153822124004364,
        0.1197652667760849,
        0.1040872186422348,
        0.11509082466363907,
        0.03481791168451309,
        0.07163836807012558,
        0.06104364991188049,
        0.04115591570734978,
        0.07473795861005783,
        0.06720010936260223,
        0.08573157340288162,
        0.06603693217039108,
        0.0716952458024025,
        0.059594351798295975,
        0.09111481159925461,
        0.07327007502317429,
        0.09281924366950989
    ],
    "RetrievalPrecision@10": [
        0.0021229051053524017,
        0.010277184657752514,
        0.01519084069877863,
        0.0035380509216338396,
        0.012459893710911274,
        0.013283828273415565,
        0.011363636702299118,
        0.01044386439025402,
        0.010169491171836853,
        0.01374407671391964,
        0.00953307468444109,
        0.016557900235056877,
        0.009938650764524937,
        0.007119693793356419,
        0.007525751367211342,
        0.007481035776436329,
        0.010215427726507187,
        0.008485586382448673,
        0.007630521897226572,
        0.00587859470397234,
        0.0076581574976444244,
        0.006999307312071323,
        0.008421053178608418
    ],
    "RetrievalPrecision@20": [
        0.002541899448260665,
        0.009019189514219761,
        0.010190840810537338,
        0.003070761216804385,
        0.008663102053105831,
        0.009653465822339058,
        0.011287879198789597,
        0.008746735751628876,
        0.008262712508440018,
        0.009320694953203201,
        0.008021550253033638,
        0.012353923171758652,
        0.007695003878325224,
        0.005748820956796408,
        0.006905613467097282,
        0.00661783991381526,
        0.00842598918825388,
        0.006516444031149149,
        0.006526104640215635,
        0.004728434141725302,
        0.0058823530562222,
        0.005509355571120977,
        0.006611842196434736
    ],
    "runtime_per_day": [
        2.7189536094665527,
        1.7158265113830566,
        1.7077090740203857,
        1.9189248085021973,
        2.4129936695098877,
        2.495857000350952,
        2.5729289054870605,
        2.6980948448181152,
        2.6418213844299316,
        2.702569007873535,
        11.983231782913208,
        11.975366592407227,
        15.011183261871338,
        33.092456340789795,
        19.9710693359375,
        13.253720760345459,
        12.761224031448364,
        13.647761106491089,
        14.212450981140137,
        13.9769287109375,
        14.002153635025024,
        21.943723917007446,
        25.931435346603394
    ]
}