{
    "use_stats_based_attrs": true,
    "topological_attrs_dim": 5,
    "use_topological_node_attrs": false,
    "rerun_topological_node_attrs": false,
    "rerun_topological_node_attrs_day_limit": 23,
    "edge_attrs_dim": 3,
    "use_edge_attrs": false,
    "rerun_edge_attrs": false,
    "rerun_edge_attrs_day_limit": 11,
    "device": "",
    "LR": 0.01,
    "WEIGHT_DECAY": 1e-05,
    "HIDDEN_CHANNELS": 32,
    "N_CONV_LAYERS": 1,
    "CONV_TYPE": "SAGEConv",
    "ACT_FUNC": "<function leaky_relu at 0x000001593460E710>",
    "DECODER_LAYERS": null,
    "EPOCHS": 100,
    "at_k": [
        10,
        20
    ],
    "file_name": "SAGE lr 0.01",
    "find_test_edges": false,
    "clean_dataset": false,
    "RetrievalRecall@10": [
        0.007640168536454439,
        0.011325844563543797,
        0.022528845816850662,
        0.020377662032842636,
        0.01297278143465519,
        0.03883842006325722,
        0.052576567977666855,
        0.08115027099847794,
        0.08629943430423737,
        0.03028024733066559,
        0.005251910537481308,
        0.00842563807964325,
        0.006304503884166479,
        0.021488340571522713,
        0.010360345244407654,
        0.00894390419125557,
        0.011100650765001774,
        0.016883451491594315,
        0.02324509434401989,
        0.01940804533660412,
        0.03086847998201847,
        0.028441347181797028,
        0.015428522601723671,
        0.008257276378571987
    ],
    "RetrievalRecall@20": [
        0.015829330310225487,
        0.02475151978433132,
        0.05066647008061409,
        0.03065720945596695,
        0.02707412838935852,
        0.07369256019592285,
        0.0962243303656578,
        0.12911708652973175,
        0.14945773780345917,
        0.06624498963356018,
        0.01336126122623682,
        0.016302967444062233,
        0.015451808460056782,
        0.03124253638088703,
        0.01684190146625042,
        0.01910196617245674,
        0.025616135448217392,
        0.03161633387207985,
        0.04398427531123161,
        0.03777346760034561,
        0.06348792463541031,
        0.048598527908325195,
        0.032383114099502563,
        0.02334200032055378
    ],
    "RetrievalPrecision@10": [
        0.002290502656251192,
        0.0034968017134815454,
        0.0038931299932301044,
        0.005006676074117422,
        0.00304812821559608,
        0.006765677127987146,
        0.009242423810064793,
        0.011227154172956944,
        0.01440677884966135,
        0.005687203258275986,
        0.0028584259562194347,
        0.0023372287396341562,
        0.0018755479250103235,
        0.004982311278581619,
        0.0022072733845561743,
        0.0022233847994357347,
        0.0019110493594780564,
        0.0038570852484554052,
        0.006224900018423796,
        0.003258786164224148,
        0.004217536188662052,
        0.004227304365485907,
        0.0024999999441206455,
        0.0015098723815754056
    ],
    "RetrievalPrecision@20": [
        0.0025977655313909054,
        0.003752665361389518,
        0.004885496571660042,
        0.003971962723881006,
        0.00307486648671329,
        0.006435643881559372,
        0.008257576264441013,
        0.0090078329667449,
        0.011864407919347286,
        0.006319115404039621,
        0.0032026341650635004,
        0.0024965850170701742,
        0.0021034181118011475,
        0.004068396054208279,
        0.0018919487483799458,
        0.0020925975404679775,
        0.0023106324952095747,
        0.0034916766453534365,
        0.005020080134272575,
        0.0032268373761326075,
        0.004550499841570854,
        0.0037075539585202932,
        0.002401315839961171,
        0.0020905921701341867
    ],
    "runtime_per_day": [
        1.408121109008789,
        1.397371768951416,
        1.4721438884735107,
        1.6597156524658203,
        2.3337180614471436,
        8.167135953903198,
        7.395310640335083,
        10.177795171737671,
        8.75303316116333,
        9.03718900680542,
        23.9823260307312,
        27.930187702178955,
        26.238489151000977,
        37.24978971481323,
        32.056143045425415,
        39.80486440658569,
        30.046189069747925,
        34.6365270614624,
        34.892512798309326,
        32.57810735702515,
        43.90094876289368,
        51.10056281089783,
        38.18935298919678,
        34.14210367202759
    ]
}