{
    "use_stats_based_attrs": true,
    "topological_attrs_dim": 5,
    "use_topological_node_attrs": false,
    "rerun_topological_node_attrs": false,
    "rerun_topological_node_attrs_day_limit": 23,
    "edge_attrs_dim": 3,
    "use_edge_attrs": false,
    "rerun_edge_attrs": false,
    "rerun_edge_attrs_day_limit": 13,
    "device": "",
    "LR": 0.005,
    "WEIGHT_DECAY": 1e-05,
    "HIDDEN_CHANNELS": 32,
    "N_CONV_LAYERS": 1,
    "CONV_TYPE": "GINConv",
    "ACT_FUNC": "<function leaky_relu at 0x000001126C12E710>",
    "DECODER_LAYERS": null,
    "EPOCHS": 100,
    "at_k": [
        10,
        20
    ],
    "file_name": "GNN dim 32 and 5 aggr layers lr 0.005",
    "find_test_edges": false,
    "clean_dataset": false,
    "RetrievalRecall@10": [
        0.0031498586758971214,
        0.045125190168619156,
        0.09334222972393036,
        0.016833093017339706,
        0.06691157072782516,
        0.08603627979755402,
        0.08912448585033417,
        0.07866119593381882,
        0.07146892696619034,
        0.09894759953022003,
        0.02472817339003086,
        0.05519431084394455,
        0.0430661179125309,
        0.027447594329714775,
        0.04028903320431709,
        0.043283313512802124,
        0.05116826668381691,
        0.04231460019946098,
        0.042973194271326065,
        0.03747023642063141,
        0.06529165059328079,
        0.050240177661180496,
        0.05962572619318962,
        0.0670190304517746
    ],
    "RetrievalRecall@20": [
        0.012678839266300201,
        0.06742624938488007,
        0.11677110940217972,
        0.026148514822125435,
        0.08744694292545319,
        0.11803476512432098,
        0.1471109539270401,
        0.13611488044261932,
        0.11256179213523865,
        0.11867115646600723,
        0.03477685526013374,
        0.07198688387870789,
        0.06007537990808487,
        0.04138706624507904,
        0.07428834587335587,
        0.06766686588525772,
        0.08343670517206192,
        0.06617968529462814,
        0.07120505720376968,
        0.061272431164979935,
        0.10058113932609558,
        0.07642876356840134,
        0.09751088172197342,
        0.10047159343957901
    ],
    "RetrievalPrecision@10": [
        0.0013407821534201503,
        0.012238805182278156,
        0.015267175622284412,
        0.0037383176386356354,
        0.013262031599879265,
        0.014191419817507267,
        0.01303030550479889,
        0.010182768106460571,
        0.009745762683451176,
        0.01390205230563879,
        0.010191558860242367,
        0.017058733850717545,
        0.010254163295030594,
        0.007193396333605051,
        0.00739962188526988,
        0.007794925477355719,
        0.010076441802084446,
        0.008241982199251652,
        0.007590361870825291,
        0.005559105891734362,
        0.007991121150553226,
        0.006930007133632898,
        0.007960526272654533,
        0.009291521273553371
    ],
    "RetrievalPrecision@20": [
        0.00251396675594151,
        0.009552238509058952,
        0.010076336562633514,
        0.0033711614087224007,
        0.009331551380455494,
        0.010024753399193287,
        0.01090909168124199,
        0.009791122749447823,
        0.008474576286971569,
        0.009320694953203201,
        0.008066447451710701,
        0.012490514665842056,
        0.007572304457426071,
        0.005689858924597502,
        0.006874080281704664,
        0.006709390785545111,
        0.008113274350762367,
        0.006577346008270979,
        0.006626505870372057,
        0.004792332649230957,
        0.006381798069924116,
        0.0055786557495594025,
        0.006710526067763567,
        0.007317073177546263
    ],
    "runtime_per_day": [
        5.027977705001831,
        6.071791648864746,
        6.997636318206787,
        7.414119005203247,
        7.998684644699097,
        8.149494886398315,
        8.255378007888794,
        8.29848027229309,
        8.427425622940063,
        8.525094509124756,
        21.45413303375244,
        20.343462228775024,
        21.023820161819458,
        28.187819480895996,
        24.695616722106934,
        24.83937668800354,
        24.276434659957886,
        25.58530616760254,
        26.079173803329468,
        26.438347101211548,
        26.690873861312866,
        27.644524335861206,
        27.92453360557556,
        28.584195852279663
    ]
}