{
    "use_stats_based_attrs": true,
    "topological_attrs_dim": 5,
    "use_topological_node_attrs": false,
    "rerun_topological_node_attrs": false,
    "rerun_topological_node_attrs_day_limit": 0,
    "edge_attrs_dim": 3,
    "use_edge_attrs": false,
    "rerun_edge_attrs": false,
    "rerun_edge_attrs_day_limit": 0,
    "device": "",
    "LR": 0.01,
    "WEIGHT_DECAY": 1e-05,
    "HIDDEN_CHANNELS": 32,
    "N_CONV_LAYERS": 1,
    "CONV_TYPE": "GINConv",
    "ACT_FUNC": "<function leaky_relu at 0x00000178936DE710>",
    "DECODER_LAYERS": null,
    "EPOCHS": 100,
    "at_k": [
        10,
        20
    ],
    "file_name": "GNN dim 32",
    "find_test_edges": false,
    "clean_dataset": false,
    "RetrievalRecall@10": [
        0.008039201609790325,
        0.04781148582696915,
        0.09491103887557983,
        0.016947975382208824,
        0.06701697409152985,
        0.09318699687719345,
        0.0946800485253334,
        0.08736441284418106,
        0.07146892696619034,
        0.10052737593650818,
        0.027875728905200958,
        0.05590455234050751,
        0.04198896512389183,
        0.02732253447175026,
        0.037214722484350204,
        0.04270756617188454,
        0.051853377372026443,
        0.041654832661151886,
        0.04376620426774025,
        0.03317843750119209,
        0.06529165059328079,
        0.050240181386470795,
        0.06563293188810349,
        0.06532154977321625,
        0.04696229472756386,
        0.07247896492481232,
        0.0771634504199028,
        0.05933432653546333,
        0.05713169649243355,
        0.062200531363487244,
        0.05920805409550667,
        0.06864742189645767,
        0.0514427050948143,
        0.05250496789813042,
        0.06051744148135185,
        0.05242118984460831,
        0.041462499648332596,
        0.043760281056165695,
        0.04878152534365654,
        0.09305521100759506,
        0.061183471232652664,
        0.08574549853801727,
        0.06952964514493942,
        0.08903754502534866,
        0.051097847521305084,
        0.05421355739235878,
        0.06884198635816574,
        0.10783334821462631,
        0.06948055326938629,
        0.048823848366737366,
        0.06263160705566406,
        0.10434744507074356,
        0.1465347856283188,
        0.07420375198125839,
        0.13353078067302704,
        0.15650585293769836,
        0.12839917838573456,
        0.11150111258029938,
        0.0983346551656723,
        0.09604957699775696,
        0.10028264671564102,
        0.1761951446533203
    ],
    "RetrievalRecall@20": [
        0.016997382044792175,
        0.0675598755478859,
        0.12307745963335037,
        0.025732846930623055,
        0.08464625477790833,
        0.12478020787239075,
        0.1507628709077835,
        0.12498721480369568,
        0.11242937296628952,
        0.119349405169487,
        0.0391814224421978,
        0.07337551563978195,
        0.05866503342986107,
        0.04118849337100983,
        0.07086054235696793,
        0.06871689110994339,
        0.08553970605134964,
        0.06961080431938171,
        0.07128769904375076,
        0.05829710513353348,
        0.09669656306505203,
        0.07225068658590317,
        0.10031186789274216,
        0.10120560228824615,
        0.07621791958808899,
        0.10696271806955338,
        0.12898631393909454,
        0.07532280683517456,
        0.09160704165697098,
        0.08835764229297638,
        0.08362634479999542,
        0.09121867269277573,
        0.07717663794755936,
        0.08221422135829926,
        0.09369862079620361,
        0.08077766001224518,
        0.0742388442158699,
        0.07166892290115356,
        0.09215550124645233,
        0.1227191612124443,
        0.1011631116271019,
        0.1319255530834198,
        0.09873200207948685,
        0.11865314841270447,
        0.07186833769083023,
        0.09199061244726181,
        0.0928458496928215,
        0.1456511914730072,
        0.11404580622911453,
        0.08255042880773544,
        0.11014781892299652,
        0.1362609714269638,
        0.20863138139247894,
        0.11018414795398712,
        0.2745971381664276,
        0.18897825479507446,
        0.15593257546424866,
        0.1687537580728531,
        0.14913903176784515,
        0.14947332441806793,
        0.16409078240394592,
        0.32218092679977417
    ],
    "RetrievalPrecision@10": [
        0.0025698323734104633,
        0.013176972046494484,
        0.01519084069877863,
        0.0038050732109695673,
        0.013582889921963215,
        0.01509900949895382,
        0.013636363670229912,
        0.011227154172956944,
        0.009745762683451176,
        0.014060030691325665,
        0.01059563085436821,
        0.01727120950818062,
        0.010008764453232288,
        0.006972288712859154,
        0.00683203712105751,
        0.00761182326823473,
        0.010180681012570858,
        0.008160780183970928,
        0.007590361870825291,
        0.005111820995807648,
        0.00788013357669115,
        0.007068607024848461,
        0.008684211410582066,
        0.00911730621010065,
        0.00645896652713418,
        0.009404659271240234,
        0.010378378443419933,
        0.008673470467329025,
        0.008030040189623833,
        0.009593421593308449,
        0.010494853369891644,
        0.013810989446938038,
        0.009205152280628681,
        0.00892143789678812,
        0.008621529676020145,
        0.007133243605494499,
        0.00594218447804451,
        0.006366682704538107,
        0.007423580624163151,
        0.01485992781817913,
        0.008397855795919895,
        0.009761635214090347,
        0.009419495239853859,
        0.012189974077045918,
        0.008105065673589706,
        0.010324559174478054,
        0.011198347434401512,
        0.013513513840734959,
        0.009710146114230156,
        0.006859205663204193,
        0.009357200935482979,
        0.013190437108278275,
        0.01832512393593788,
        0.008366012945771217,
        0.014589235186576843,
        0.018000001087784767,
        0.01592356711626053,
        0.013321167789399624,
        0.012363238260149956,
        0.011898734606802464,
        0.012807019054889679,
        0.021446384489536285
    ],