{
    "use_stats_based_attrs": true,
    "topological_attrs_dim": 5,
    "use_topological_node_attrs": false,
    "rerun_topological_node_attrs": false,
    "rerun_topological_node_attrs_day_limit": 23,
    "edge_attrs_dim": 3,
    "use_edge_attrs": false,
    "rerun_edge_attrs": false,
    "rerun_edge_attrs_day_limit": 13,
    "device": "",
    "LR": 0.005,
    "WEIGHT_DECAY": 1e-05,
    "HIDDEN_CHANNELS": 16,
    "N_CONV_LAYERS": 1,
    "CONV_TYPE": "GINConv",
    "ACT_FUNC": "<function leaky_relu at 0x000002C06E0EE710>",
    "DECODER_LAYERS": null,
    "EPOCHS": 100,
    "at_k": [
        10,
        20
    ],
    "file_name": "GNN dim 16 and 3 aggr layers scale binaries lr 0.005",
    "find_test_edges": false,
    "clean_dataset": false,
    "RetrievalRecall@10": [
        0.006366133689880371,
        0.058366984128952026,
        0.09857714921236038,
        0.014401165768504143,
        0.06746620684862137,
        0.08841003477573395,
        0.09574064612388611,
        0.08801716566085815,
        0.07146892696619034,
        0.09422826021909714,
        0.023381978273391724,
        0.05501551926136017,
        0.04502296447753906,
        0.028600681573152542,
        0.03935419023036957,
        0.04643240198493004,
        0.05486328899860382,
        0.04306771606206894,
        0.04587750509381294,
        0.04002614691853523,
        0.059472497552633286,
        0.051515527069568634,
        0.06334596872329712,
        0.07224833965301514,
        0.047532204538583755,
        0.07247896492481232,
        0.07358559221029282,
        0.05867042765021324,
        0.051845733076334,
        0.0619230791926384,
        0.060097381472587585,
        0.06864956766366959,
        0.052230678498744965,
        0.04820826277136803,
        0.05764824151992798,
        0.04924854636192322,
        0.04182681813836098,
        0.0454258918762207,
        0.0483582578599453,
        0.08855728805065155,
        0.058351095765829086,
        0.07790415734052658,
        0.06301451474428177,
        0.08569542318582535,
        0.05098235234618187,
        0.054547131061553955,
        0.06872262805700302,
        0.09959850460290909,
        0.06307842582464218,
        0.048410188406705856,
        0.06402064859867096,
        0.09525153785943985,
        0.13123099505901337,
        0.07122626900672913,
        0.12388250231742859,
        0.14749999344348907,
        0.12435704469680786,
        0.10095220804214478,
        0.09552488476037979,
        0.08871835470199585,
        0.1005750522017479,
        0.19807669520378113
    ],
    "RetrievalRecall@20": [
        0.02004902809858322,
        0.0758778527379036,
        0.1219630092382431,
        0.026652535423636436,
        0.08919908851385117,
        0.12996552884578705,
        0.15197208523750305,
        0.12871715426445007,
        0.11256179213523865,
        0.11706554889678955,
        0.03484315797686577,
        0.07162463665008545,
        0.061017561703920364,
        0.04073816537857056,
        0.07533425837755203,
        0.07205167412757874,
        0.08892747759819031,
        0.0712253525853157,
        0.07242219895124435,
        0.061458420008420944,
        0.0958433598279953,
        0.074632428586483,
        0.0978466123342514,
        0.10464993864297867,
        0.07406911998987198,
        0.10239633917808533,
        0.11900385469198227,
        0.07560102641582489,
        0.08176009356975555,
        0.08659513294696808,
        0.08255929499864578,
        0.08948688954114914,
        0.07595962285995483,
        0.08281400799751282,
        0.09878423064947128,
        0.07200922816991806,
        0.0735255777835846,
        0.07417921721935272,
        0.08667352795600891,
        0.12153449654579163,
        0.09145020693540573,
        0.13718770444393158,
        0.0939132571220398,
        0.11581931263208389,
        0.07028479129076004,
        0.09410931915044785,
        0.08993277698755264,
        0.1404397040605545,
        0.10157744586467743,
        0.08042949438095093,
        0.10996634513139725,
        0.12673482298851013,
        0.20165924727916718,
        0.10937803983688354,
        0.18813049793243408,
        0.1970338076353073,
        0.15531907975673676,
        0.15396277606487274,
        0.14573296904563904,
        0.1348530650138855,
        0.16336502134799957,
        0.32607507705688477
    ],
    "RetrievalPrecision@10": [
        0.0025698323734104633,
        0.015351814217865467,
        0.01587786339223385,
        0.0036048064939677715,
        0.014117646962404251,
        0.01501650270074606,
        0.013939395546913147,
        0.011488250456750393,
        0.009745762683451176,
        0.013586098328232765,
        0.010011972859501839,
        0.01711944118142128,
        0.010727432556450367,
        0.0073408023454248905,
        0.007126340642571449,
        0.00837039016187191,
        0.010806115344166756,
        0.00885099545121193,
        0.007911646738648415,
        0.005559105426073074,
        0.007547169923782349,
        0.007068607024848461,
        0.008355263620615005,
        0.010046456940472126,
        0.00645896652713418,
        0.009232097305357456,
        0.00962162110954523,
        0.008630952797830105,
        0.007336799520999193,
        0.00941068958491087,
        0.01056127529591322,
        0.013599692843854427,
        0.009205152280628681,
        0.00790057796984911,
        0.008280565030872822,
        0.006908927578479052,
        0.005995717365294695,
        0.00660603167489171,
        0.007423581089824438,
        0.014190012589097023,
        0.00792138185352087,
        0.0089670829474926,
        0.00876232236623764,
        0.011609498411417007,
        0.008217636495828629,
        0.010171225294470787,
        0.010950413532555103,
        0.012203112244606018,
        0.00840579904615879,
        0.0066787004470825195,
        0.008950365707278252,
        0.012201154604554176,
        0.016748769208788872,
        0.007973856292665005,
        0.0138810183852911,
        0.01666666753590107,
        0.01510463934391737,
        0.012226277031004429,
        0.012253830209374428,
        0.011012659408152103,
        0.012631578370928764,
        0.023441394791007042
    ],