{
    "use_stats_based_attrs": true,
    "topological_attrs_dim": 5,
    "use_topological_node_attrs": false,
    "rerun_topological_node_attrs": false,
    "rerun_topological_node_attrs_day_limit": 0,
    "edge_attrs_dim": 3,
    "use_edge_attrs": false,
    "rerun_edge_attrs": false,
    "rerun_edge_attrs_day_limit": 0,
    "device": "",
    "LR": 0.01,
    "WEIGHT_DECAY": 1e-05,
    "HIDDEN_CHANNELS": 16,
    "N_CONV_LAYERS": 1,
    "CONV_TYPE": "GINConv",
    "ACT_FUNC": "<function leaky_relu at 0x00000190D269E710>",
    "DECODER_LAYERS": null,
    "EPOCHS": 100,
    "at_k": [
        10,
        20
    ],
    "file_name": "GNN dim 16",
    "find_test_edges": false,
    "clean_dataset": false,
    "RetrievalRecall@10": [
        0.005210162606090307,
        0.04896203801035881,
        0.09166555851697922,
        0.012260216288268566,
        0.06331339478492737,
        0.08010715246200562,
        0.06412448734045029,
        0.07648539543151855,
        0.06511299312114716,
        0.094208262860775,
        0.02271326631307602,
        0.04487433657050133,
        0.03367107734084129,
        0.024500316008925438,
        0.03505747392773628,
        0.03141958266496658,
        0.03988692909479141,
        0.03419138863682747,
        0.030689595267176628,
        0.02434602379798889,
        0.04687906429171562,
        0.03186988830566406,
        0.038559526205062866,
        0.04942231997847557,
        0.025381749495863914,
        0.05742840841412544,
        0.06063063442707062,
        0.051837824285030365,
        0.04157088324427605,
        0.05323736369609833,
        0.04241732135415077,
        0.06095260754227638,
        0.0392891950905323,
        0.03871572017669678,
        0.06410028040409088,
        0.04550665244460106,
        0.0298257227987051,
        0.021182384341955185,
        0.028193874284625053,
        0.04750794172286987,
        0.040502555668354034,
        0.05694286897778511,
        0.039953552186489105,
        0.06531373411417007,
        0.04636560380458832,
        0.029153332114219666,
        0.052264418452978134,
        0.08022718876600266,
        0.04104268550872803,
        0.0350293330848217,
        0.03360326960682869,
        0.06474306434392929,
        0.10457143187522888,
        0.04673202708363533,
        0.08833376318216324,
        0.10592592507600784,
        0.10771661251783371,
        0.07539157569408417,
        0.06652931869029999,
        0.0680379793047905,
        0.08133528381586075,
        0.10820877552032471
    ],
    "RetrievalRecall@20": [
        0.010429587215185165,
        0.0704566091299057,
        0.11890074610710144,
        0.01947421208024025,
        0.08223812282085419,
        0.11170516163110733,
        0.12288118153810501,
        0.10826458781957626,
        0.10267478972673416,
        0.11287698894739151,
        0.028849102556705475,
        0.06548386812210083,
        0.04872918501496315,
        0.037922874093055725,
        0.0634683221578598,
        0.056306999176740646,
        0.06658773124217987,
        0.05944410338997841,
        0.05394739285111427,
        0.04640248417854309,
        0.07270992547273636,
        0.06705418229103088,
        0.07241532951593399,
        0.08435338735580444,
        0.055565204471349716,
        0.08887793868780136,
        0.08845043927431107,
        0.0679536908864975,
        0.07122638821601868,
        0.07258321344852448,
        0.06376726925373077,
        0.07984140515327454,
        0.061201680451631546,
        0.061097290366888046,
        0.09274784475564957,
        0.07119588553905487,
        0.05369928851723671,
        0.04493938386440277,
        0.05353110283613205,
        0.07530777156352997,
        0.0670691654086113,
        0.08840925991535187,
        0.06831098347902298,
        0.09808259457349777,
        0.05945858731865883,
        0.07058704644441605,
        0.07695464789867401,
        0.12278256565332413,
        0.07340575754642487,
        0.0656280666589737,
        0.0749199315905571,
        0.09465447068214417,
        0.16115504503250122,
        0.08206972479820251,
        0.1317967027425766,
        0.15498971939086914,
        0.13503214716911316,
        0.12575796246528625,
        0.10880689322948456,
        0.10585442930459976,
        0.14936646819114685,
        0.2626769244670868
    ],
    "RetrievalPrecision@10": [
        0.002346368972212076,
        0.013603412546217442,
        0.014580154791474342,
        0.0032042725943028927,
        0.0124598927795887,
        0.013448845595121384,
        0.009999999776482582,
        0.009399477392435074,
        0.008474577218294144,
        0.013270141556859016,
        0.009084107354283333,
        0.013416298665106297,
        0.007467133924365044,
        0.005807783920317888,
        0.005970149300992489,
        0.00591158727183938,
        0.007817929610610008,
        0.006617946084588766,
        0.005301205441355705,
        0.003769968170672655,
        0.006215316243469715,
        0.00464310497045517,
        0.005394737236201763,
        0.006736353505402803,
        0.0036474165972322226,
        0.007506471127271652,
        0.007891892455518246,
        0.007482993416488171,
        0.0060658580623567104,
        0.00794883444905281,
        0.007605446502566338,
        0.011794083751738071,
        0.006974552758038044,
        0.006258322391659021,
        0.00862152874469757,
        0.005966801196336746,
        0.004068522714078426,
        0.0029200573917478323,
        0.004075691103935242,
        0.00676004821434617,
        0.005300774704664946,
        0.006129398941993713,
        0.005695509724318981,
        0.009076518006622791,
        0.007204503286629915,
        0.005647840443998575,
        0.00826446246355772,
        0.009828009642660618,
        0.005652174353599548,
        0.004693141207098961,
        0.004800650756806135,
        0.0077493819408118725,
        0.013201969675719738,
        0.0049673207104206085,
        0.010198301635682583,
        0.011777778156101704,
        0.012829846702516079,
        0.00875912420451641,
        0.008205689489841461,
        0.008481013588607311,
        0.010000000707805157,
        0.01371571235358715
    ],