{
    "use_stats_based_attrs": true,
    "topological_attrs_dim": 5,
    "use_topological_node_attrs": false,
    "rerun_topological_node_attrs": false,
    "rerun_topological_node_attrs_day_limit": 23,
    "edge_attrs_dim": 3,
    "use_edge_attrs": false,
    "rerun_edge_attrs": false,
    "rerun_edge_attrs_day_limit": 13,
    "device": "",
    "LR": 0.005,
    "WEIGHT_DECAY": 1e-05,
    "HIDDEN_CHANNELS": 32,
    "N_CONV_LAYERS": 1,
    "CONV_TYPE": "GINConv",
    "ACT_FUNC": "<function leaky_relu at 0x0000015F98ECE710>",
    "DECODER_LAYERS": null,
    "EPOCHS": 100,
    "at_k": [
        10,
        20
    ],
    "file_name": "GNN dim 32 and 3 aggr layers lr 0.005",
    "find_test_edges": false,
    "clean_dataset": false,
    "RetrievalRecall@10": [
        0.005034088157117367,
        0.06142929568886757,
        0.09657377749681473,
        0.013871653005480766,
        0.06970932334661484,
        0.09735844284296036,
        0.09705378115177155,
        0.08779957890510559,
        0.08135593682527542,
        0.10052737593650818,
        0.025015922263264656,
        0.055359017103910446,
        0.042896609753370285,
        0.028028270229697227,
        0.03938181698322296,
        0.04371093958616257,
        0.05333658680319786,
        0.04176397621631622,
        0.044250525534152985,
        0.0381518118083477,
        0.06273893266916275,
        0.04671742767095566,
        0.06061101332306862,
        0.06488972157239914
    ],
    "RetrievalRecall@20": [
        0.011844632215797901,
        0.07541843503713608,
        0.131879985332489,
        0.020192328840494156,
        0.09353422373533249,
        0.12741011381149292,
        0.153176411986351,
        0.13107946515083313,
        0.1351606696844101,
        0.12002493441104889,
        0.03472905978560448,
        0.07360021770000458,
        0.06045621633529663,
        0.04069255292415619,
        0.07369454205036163,
        0.07177808880805969,
        0.08685603737831116,
        0.06924914568662643,
        0.07167904078960419,
        0.061334677040576935,
        0.09466178715229034,
        0.07734733819961548,
        0.09685490280389786,
        0.10049924999475479
    ],
    "RetrievalPrecision@10": [
        0.0020111731719225645,
        0.016034116968512535,
        0.015801526606082916,
        0.0038718292489647865,
        0.014010694809257984,
        0.015841582790017128,
        0.014090909622609615,
        0.011488252319395542,
        0.011016950011253357,
        0.014060030691325665,
        0.010460940189659595,
        0.017210504040122032,
        0.010236634872853756,
        0.007296580355614424,
        0.007168383803218603,
        0.008030342869460583,
        0.010180681943893433,
        0.008120179176330566,
        0.007670682854950428,
        0.005750799551606178,
        0.0077691455371677876,
        0.00658350670710206,
        0.008092106319963932,
        0.009001161903142929
    ],
    "RetrievalPrecision@20": [
        0.0021508382633328438,
        0.010788912884891033,
        0.011870229616761208,
        0.0033711616415530443,
        0.010080213658511639,
        0.010891090147197247,
        0.011212121695280075,
        0.009660575538873672,
        0.009745762683451176,
        0.009478673338890076,
        0.008320861496031284,
        0.01256639789789915,
        0.007651183288544416,
        0.005653007421642542,
        0.0068951016291975975,
        0.007075595203787088,
        0.008373870514333248,
        0.006658547092229128,
        0.006586345378309488,
        0.004888179246336222,
        0.006104329135268927,
        0.005613306071609259,
        0.006743420846760273,
        0.007375144865363836
    ],
    "runtime_per_day": [
        3.359088182449341,
        4.024759292602539,
        4.816161632537842,
        5.11103081703186,
        5.856076002120972,
        5.5517051219940186,
        6.081131458282471,
        7.043333053588867,
        6.837855577468872,
        6.283535003662109,
        14.830082416534424,
        17.477416515350342,
        18.46650528907776,
        24.110679149627686,
        20.974228620529175,
        20.836323738098145,
        21.77375555038452,
        22.577544927597046,
        22.570595026016235,
        23.450604915618896,
        23.611948013305664,
        23.61409306526184,
        24.019442081451416,
        24.424336433410645
    ]
}