{
    "use_stats_based_attrs": true,
    "topological_attrs_dim": 5,
    "use_topological_node_attrs": false,
    "rerun_topological_node_attrs": false,
    "rerun_topological_node_attrs_day_limit": 23,
    "edge_attrs_dim": 3,
    "use_edge_attrs": false,
    "rerun_edge_attrs": false,
    "rerun_edge_attrs_day_limit": 13,
    "device": "",
    "LR": 0.01,
    "WEIGHT_DECAY": 1e-05,
    "HIDDEN_CHANNELS": 32,
    "N_CONV_LAYERS": 1,
    "CONV_TYPE": "GINConv",
    "ACT_FUNC": "<function leaky_relu at 0x0000012849E6E710>",
    "DECODER_LAYERS": null,
    "EPOCHS": 100,
    "at_k": [
        10,
        20
    ],
    "file_name": "GNN dim 32 and 3 aggr layers lr 0.01",
    "find_test_edges": false,
    "clean_dataset": false,
    "RetrievalRecall@10": [
        0.006845835130661726,
        0.050068240612745285,
        0.09444122016429901,
        0.015313394367694855,
        0.0711311399936676,
        0.09495634585618973,
        0.0937204509973526,
        0.08779957890510559,
        0.10395479947328568,
        0.10194104164838791,
        0.02400161698460579,
        0.05456513911485672,
        0.04062223806977272,
        0.02694498561322689,
        0.04056544229388237,
        0.04390688240528107,
        0.053010474890470505,
        0.04440915584564209,
        0.04699362441897392,
        0.03857779875397682,
        0.0592983104288578,
        0.04989368095993996,
        0.0678243562579155,
        0.06513169407844543
    ],
    "RetrievalRecall@20": [
        0.010890289209783077,
        0.06895946711301804,
        0.12655556201934814,
        0.024341799318790436,
        0.0961446613073349,
        0.13212749361991882,
        0.14905832707881927,
        0.13132812082767487,
        0.1351606696844101,
        0.12082172185182571,
        0.034064240753650665,
        0.07221794873476028,
        0.05934601277112961,
        0.03911828249692917,
        0.07367372512817383,
        0.07139203697443008,
        0.08600910007953644,
        0.07041893899440765,
        0.07262451946735382,
        0.06101163849234581,
        0.09554044902324677,
        0.07551693916320801,
        0.09767378866672516,
        0.09460084140300751
    ],
    "RetrievalPrecision@10": [
        0.0024581006728112698,
        0.013262259773910046,
        0.015572519972920418,
        0.0038050732109695673,
        0.014545454643666744,
        0.0155940605327487,
        0.013636363670229912,
        0.01227154117077589,
        0.013983051292598248,
        0.014218009077012539,
        0.010296317748725414,
        0.017180148512125015,
        0.009710780344903469,
        0.007163915783166885,
        0.007588816806674004,
        0.008213445544242859,
        0.010528145357966423,
        0.008404385298490524,
        0.008112450130283833,
        0.005686900578439236,
        0.006992231588810682,
        0.006999307312071323,
        0.008947367779910564,
        0.009059232659637928
    ],
    "RetrievalPrecision@20": [
        0.0020391063299030066,
        0.00972281489521265,
        0.011335877701640129,
        0.0035380504559725523,
        0.010641711764037609,
        0.011056105606257915,
        0.011060606688261032,
        0.009791122749447823,
        0.009745762683451176,
        0.009557662531733513,
        0.008231068029999733,
        0.012520868331193924,
        0.0076248906552791595,
        0.005542452447116375,
        0.006895102560520172,
        0.006984044332057238,
        0.008425991050899029,
        0.006760049145668745,
        0.00668674660846591,
        0.00476038409397006,
        0.006215316709131002,
        0.005544005427509546,
        0.006776316091418266,
        0.007084785494953394
    ],
    "runtime_per_day": [
        3.6300790309906006,
        4.699047088623047,
        5.3137900829315186,
        5.4941771030426025,
        6.114151954650879,
        6.281513452529907,
        6.708083868026733,
        6.643803834915161,
        6.7047340869903564,
        6.791239976882935,
        15.949292421340942,
        19.62611985206604,
        19.619821310043335,
        28.450451612472534,
        23.60609459877014,
        23.580947399139404,
        23.52336072921753,
        24.68123483657837,
        25.165891408920288,
        25.426999807357788,
        25.43226957321167,
        25.450987815856934,
        26.072948932647705,
        26.52791452407837
    ]
}