{
    "use_stats_based_attrs": true,
    "topological_attrs_dim": 5,
    "use_topological_node_attrs": false,
    "rerun_topological_node_attrs": false,
    "rerun_topological_node_attrs_day_limit": 23,
    "edge_attrs_dim": 3,
    "use_edge_attrs": false,
    "rerun_edge_attrs": false,
    "rerun_edge_attrs_day_limit": 13,
    "device": "",
    "LR": 0.01,
    "WEIGHT_DECAY": 1e-05,
    "HIDDEN_CHANNELS": 16,
    "N_CONV_LAYERS": 1,
    "CONV_TYPE": "GINConv",
    "ACT_FUNC": "<function leaky_relu at 0x0000028305B2E710>",
    "DECODER_LAYERS": null,
    "EPOCHS": 100,
    "at_k": [
        10,
        20
    ],
    "file_name": "GNN dim 16 and 3 aggr layers scale binaries",
    "find_test_edges": false,
    "clean_dataset": false,
    "RetrievalRecall@10": [
        0.006849988829344511,
        0.051102641969919205,
        0.09227626025676727,
        0.011219940148293972,
        0.06300519406795502,
        0.07543953508138657,
        0.05983155593276024,
        0.06923270970582962,
        0.06935027241706848,
        0.09679734706878662,
        0.020839493721723557,
        0.048734281212091446,
        0.039174120873212814,
        0.027366722002625465,
        0.035527925938367844,
        0.04499656707048416,
        0.05096767470240593,
        0.04223160818219185,
        0.044085562229156494,
        0.039120931178331375,
        0.06176316738128662,
        0.04705062508583069,
        0.062330927699804306,
        0.06534292548894882,
        0.04294760525226593,
        0.0703219324350357,
        0.06493694335222244,
        0.05884164199233055,
        0.053357385098934174,
        0.05953112244606018,
        0.057523880153894424,
        0.06903540343046188,
        0.048357412219047546,
        0.05118609964847565,
        0.05811097472906113,
        0.05025029554963112,
        0.04051228612661362,
        0.0421295091509819,
        0.04846559464931488,
        0.08877789974212646,
        0.05862242355942726,
        0.0852455198764801,
        0.0624937079846859,
        0.08568285405635834,
        0.05192508175969124,
        0.05589304864406586,
        0.07112733274698257,
        0.09995730221271515,
        0.07088234275579453,
        0.049124691635370255,
        0.06621217727661133,
        0.0954553559422493,
        0.1391456127166748,
        0.07731921970844269,
        0.1253633052110672,
        0.14350000023841858,
        0.12559360265731812,
        0.10505805164575577,
        0.0955386534333229,
        0.09731540083885193,
        0.11069200932979584,
        0.16515900194644928
    ],
    "RetrievalRecall@20": [
        0.017590610310435295,
        0.06820905208587646,
        0.1158415824174881,
        0.019573546946048737,
        0.08581087738275528,
        0.1129361242055893,
        0.1204124242067337,
        0.11522716283798218,
        0.10607344657182693,
        0.11629383265972137,
        0.02807038463652134,
        0.0638190284371376,
        0.05649639293551445,
        0.04060378670692444,
        0.06877291947603226,
        0.06787233799695969,
        0.08558299392461777,
        0.06828669458627701,
        0.07269445806741714,
        0.058452680706977844,
        0.09340162575244904,
        0.07215110212564468,
        0.09169582277536392,
        0.09963472932577133,
        0.07003090530633926,
        0.10239454358816147,
        0.11498583853244781,
        0.07562363892793655,
        0.08377160876989365,
        0.08351457864046097,
        0.08093824982643127,
        0.0900772362947464,
        0.072303906083107,
        0.08036964386701584,
        0.10293562710285187,
        0.07165928930044174,
        0.07166868448257446,
        0.06979108601808548,
        0.0862402394413948,
        0.12086222320795059,
        0.08780010789632797,
        0.13718770444393158,
        0.09562867879867554,
        0.11516443639993668,
        0.07124441117048264,
        0.09490767866373062,
        0.09251990914344788,
        0.1392512321472168,
        0.11112629622220993,
        0.0850646123290062,
        0.10642407089471817,
        0.12868371605873108,
        0.20163601636886597,
        0.11514680087566376,
        0.18861337006092072,
        0.19342270493507385,
        0.1540859192609787,
        0.15998010337352753,
        0.14668726921081543,
        0.14438366889953613,
        0.16851121187210083,
        0.30603256821632385
    ],
    "RetrievalPrecision@10": [
        0.002290502656251192,
        0.013475479558110237,
        0.01465648878365755,
        0.003070761216804385,
        0.012620321474969387,
        0.013201321475207806,
        0.009545453824102879,
        0.008616187609732151,
        0.008898305706679821,
        0.013586098328232765,
        0.008590242825448513,
        0.015025041997432709,
        0.00950043834745884,
        0.007134434301406145,
        0.006537734065204859,
        0.008187287487089634,
        0.010041696019470692,
        0.008404385298490524,
        0.007630521897226572,
        0.005495207384228706,
        0.007547169458121061,
        0.00658350670710206,
        0.008289473131299019,
        0.00882694497704506,
        0.005775075871497393,
        0.009059534408152103,
        0.008756755851209164,
        0.008715987205505371,
        0.007972270250320435,
        0.009136592037975788,
        0.010229161009192467,
        0.01342681422829628,
        0.008576815016567707,
        0.008477585390210152,
        0.008426692336797714,
        0.006774337962269783,
        0.005835117772221565,
        0.006366683170199394,
        0.00786026194691658,
        0.013885506428778172,
        0.007802263367921114,
        0.009648127481341362,
        0.008433734998106956,
        0.01166226901113987,
        0.008367729373276234,
        0.010682341642677784,
        0.011528925970196724,
        0.012448811903595924,
        0.009855072945356369,
        0.006768953055143356,
        0.00943856779485941,
        0.01228359341621399,
        0.01753694750368595,
        0.00888888817280531,
        0.014164306223392487,
        0.01644444465637207,
        0.015468607656657696,
        0.012682482600212097,
        0.01214442029595375,
        0.012025316245853901,
        0.013508772477507591,
        0.019700748845934868
    ],