{
    "use_stats_based_attrs": true,
    "topological_attrs_dim": 5,
    "use_topological_node_attrs": false,
    "rerun_topological_node_attrs": false,
    "rerun_topological_node_attrs_day_limit": 0,
    "edge_attrs_dim": 3,
    "use_edge_attrs": false,
    "rerun_edge_attrs": false,
    "rerun_edge_attrs_day_limit": 0,
    "device": "",
    "LR": 0.01,
    "WEIGHT_DECAY": 1e-05,
    "HIDDEN_CHANNELS": 16,
    "N_CONV_LAYERS": 1,
    "CONV_TYPE": "GINConv",
    "ACT_FUNC": "<function leaky_relu at 0x000001706D0AE710>",
    "DECODER_LAYERS": null,
    "EPOCHS": 100,
    "at_k": [
        10,
        20
    ],
    "file_name": "GNN dim 16 and 3 aggr layers",
    "find_test_edges": false,
    "clean_dataset": false,
    "RetrievalRecall@10": [
        0.007869484834372997,
        0.05384377762675285,
        0.09420100599527359,
        0.012989051640033722,
        0.06993286311626434,
        0.093620166182518,
        0.0960436761379242,
        0.082577645778656,
        0.07923728972673416,
        0.10013243556022644,
        0.024674443528056145,
        0.0535622276365757,
        0.043072789907455444,
        0.027227522805333138,
        0.0399395190179348,
        0.04219777509570122,
        0.0524105578660965,
        0.04536610096693039,
        0.04485659301280975,
        0.04176507890224457,
        0.06264027953147888,
        0.045621927827596664,
        0.0626661404967308,
        0.06516324728727341,
        0.042529672384262085,
        0.07161615043878555,
        0.0809008926153183,
        0.05827384069561958,
        0.052985090762376785,
        0.06250389665365219,
        0.05632663145661354,
        0.07006019353866577,
        0.05071712285280228,
        0.04145171120762825,
        0.057427022606134415,
        0.05389193445444107,
        0.04614664986729622,
        0.045808516442775726,
        0.04973575845360756,
        0.09640771150588989,
        0.06156915798783302,
        0.07467853277921677,
        0.06586264818906784,
        0.08003516495227814,
        0.05245098099112511,
        0.05917210131883621,
        0.06499408930540085,
        0.10200480371713638,
        0.06881629675626755,
        0.04733217507600784,
        0.06376011669635773,
        0.09736140072345734,
        0.13757336139678955,
        0.07253345847129822,
        0.14196497201919556,
        0.14564816653728485,
        0.12693515419960022,
        0.1033654659986496,
        0.09324119240045547,
        0.09227848052978516,
        0.08744638413190842,
        0.1457076370716095
    ],
    "RetrievalRecall@20": [
        0.0160271804779768,
        0.07509861886501312,
        0.11855489760637283,
        0.024770867079496384,
        0.09428198635578156,
        0.12866750359535217,
        0.1523040533065796,
        0.12871715426445007,
        0.11397422850131989,
        0.11867115646600723,
        0.03356066718697548,
        0.07167014479637146,
        0.06165144592523575,
        0.04166237264871597,
        0.07479958236217499,
        0.06763480603694916,
        0.08636287599802017,
        0.07128062844276428,
        0.07444453239440918,
        0.0599958673119545,
        0.09468492120504379,
        0.07828205823898315,
        0.09192737936973572,
        0.10047487914562225,
        0.07214737683534622,
        0.10670561343431473,
        0.12180484086275101,
        0.07567045092582703,
        0.08457638323307037,
        0.09018101543188095,
        0.08114685863256454,
        0.09190095961093903,
        0.07411836087703705,
        0.06990121304988861,
        0.09703484177589417,
        0.0751613900065422,
        0.07371203601360321,
        0.07350651174783707,
        0.09071792662143707,
        0.12738703191280365,
        0.09959092736244202,
        0.12648262083530426,
        0.09675400704145432,
        0.11137459427118301,
        0.07284823805093765,
        0.09049177914857864,
        0.0891573429107666,
        0.1404528170824051,
        0.10775533318519592,
        0.07885222882032394,
        0.10922345519065857,
        0.12773911654949188,
        0.20215186476707458,
        0.11169363558292389,
        0.2594134509563446,
        0.1878671497106552,
        0.15523214638233185,
        0.1621565967798233,
        0.14374315738677979,
        0.14148809015750885,
        0.15496067702770233,
        0.25362545251846313
    ],
    "RetrievalPrecision@10": [
        0.0035754190757870674,
        0.014243070967495441,
        0.01519084069877863,
        0.0038050736766308546,
        0.0141176488250494,
        0.015346534550189972,
        0.013939395546913147,
        0.01096605695784092,
        0.011016949079930782,
        0.01390205416828394,
        0.010206524282693863,
        0.01696767471730709,
        0.010446976870298386,
        0.006913325749337673,
        0.007231447845697403,
        0.007533350493758917,
        0.010250173509120941,
        0.008891595527529716,
        0.007871486246585846,
        0.006070287432521582,
        0.007769146002829075,
        0.006652806885540485,
        0.00848684273660183,
        0.009059234522283077,
        0.0058510638773441315,
        0.009318377822637558,
        0.010486487299203873,
        0.008460884913802147,
        0.007452339865267277,
        0.009502056986093521,
        0.010029890574514866,
        0.014099116437137127,
        0.009016651660203934,
        0.007234797812998295,
        0.00813443772494793,
        0.007492148317396641,
        0.006477516144514084,
        0.006797510664910078,
        0.007423581089824438,
        0.01565164513885975,
        0.008695652708411217,
        0.008399547077715397,
        0.009090909734368324,
        0.010976254008710384,
        0.008442776277661324,
        0.010759009048342705,
        0.010619834065437317,
        0.012694512493908405,
        0.009565218351781368,
        0.00658844830468297,
        0.009113099426031113,
        0.012695795856416225,
        0.01743842475116253,
        0.008104575797915459,
        0.015297451056540012,
        0.01644444651901722,
        0.015559597872197628,
        0.012408759444952011,
        0.011706783436238766,
        0.011518986895680428,
        0.010877193883061409,
        0.01820448972284794
    ],