{
    "use_stats_based_attrs": true,
    "topological_attrs_dim": 5,
    "use_topological_node_attrs": false,
    "rerun_topological_node_attrs": false,
    "rerun_topological_node_attrs_day_limit": 23,
    "edge_attrs_dim": 3,
    "use_edge_attrs": false,
    "rerun_edge_attrs": false,
    "rerun_edge_attrs_day_limit": 13,
    "device": "",
    "LR": 0.01,
    "WEIGHT_DECAY": 1e-05,
    "HIDDEN_CHANNELS": 32,
    "N_CONV_LAYERS": 1,
    "CONV_TYPE": "GINConv",
    "ACT_FUNC": "<function leaky_relu at 0x000002A8DEBDE710>",
    "DECODER_LAYERS": 3,
    "EPOCHS": 100,
    "at_k": [
        10,
        20
    ],
    "file_name": "GNN dim 32 and 3 aggr layers lr 0.01 decoder 3",
    "find_test_edges": false,
    "clean_dataset": false,
    "RetrievalRecall@10": [
        0.006633306387811899,
        0.0038511971943080425,
        0.008747376501560211,
        0.00533719127997756,
        0.0068641831167042255,
        0.0074767256155610085,
        0.008494866080582142,
        0.014775420539081097,
        0.03702834993600845,
        0.010604212991893291,
        0.0022355776745826006,
        0.0027749522123485804,
        0.0017474937485530972,
        0.0034209100995212793,
        0.00293184956535697,
        0.0034641404636204243,
        0.004129644017666578,
        0.006772441323846579,
        0.004280720371752977,
        0.006199521012604237,
        0.017710261046886444,
        0.005016684997826815,
        0.006431728135794401,
        0.005171780474483967
    ],
    "RetrievalRecall@20": [
        0.017566761001944542,
        0.005355230998247862,
        0.012980957515537739,
        0.012339386157691479,
        0.01539581548422575,
        0.01107572391629219,
        0.025814788416028023,
        0.02348967082798481,
        0.06101316586136818,
        0.014584259130060673,
        0.0030400429386645555,
        0.003785551991313696,
        0.0032981694675982,
        0.004942615050822496,
        0.0067134578712284565,
        0.005830965004861355,
        0.0066869971342384815,
        0.009891404770314693,
        0.007943225093185902,
        0.009004478342831135,
        0.028577815741300583,
        0.011147646233439445,
        0.011365164071321487,
        0.011074608191847801
    ],
    "RetrievalPrecision@10": [
        0.0025698323734104633,
        0.0019189765444025397,
        0.0024427480529993773,
        0.0019359146244823933,
        0.0020320855546742678,
        0.0025577556807547808,
        0.0018181819468736649,
        0.002349869580939412,
        0.005932203959673643,
        0.003791469382122159,
        0.0015414546942338347,
        0.0011534374207258224,
        0.0017879054648801684,
        0.0019752357620745897,
        0.001534580602310598,
        0.0017525504808872938,
        0.0019110493594780564,
        0.0025578562635928392,
        0.0017269076779484749,
        0.0020447284914553165,
        0.0024417315144091845,
        0.0013860013568773866,
        0.0017105264123529196,
        0.002206736244261265
    ],
    "RetrievalPrecision@20": [
        0.002541899448260665,
        0.0015138593735173345,
        0.001984732924029231,
        0.0018691588193178177,
        0.002299465239048004,
        0.001938943867571652,
        0.002878788160160184,
        0.002480417722836137,
        0.0052966102957725525,
        0.0031595577020198107,
        0.001092487364076078,
        0.0008650781819596887,
        0.0015074496623128653,
        0.001451945980079472,
        0.001461004838347435,
        0.001477896817959845,
        0.0015983323100954294,
        0.002009744057431817,
        0.0015060240402817726,
        0.0015654952730983496,
        0.0022197559010237455,
        0.0014206513296812773,
        0.001480263308621943,
        0.0019163764081895351
    ],
    "runtime_per_day": [
        4.410888910293579,
        2.231287717819214,
        1.9503655433654785,
        2.184511184692383,
        2.7655112743377686,
        2.7120537757873535,
        2.7587900161743164,
        2.779381036758423,
        2.7197980880737305,
        2.843920946121216,
        18.687382459640503,
        17.5635027885437,
        15.366545677185059,
        23.01339077949524,
        16.77960467338562,
        15.013182640075684,
        13.733668088912964,
        14.906937837600708,
        15.547298669815063,
        15.134133577346802,
        14.71831226348877,
        14.892605543136597,
        15.232749938964844,
        15.750819444656372
    ]
}